t,fsm,x,y,z,yaw,vx,vy,vz,front,back,left,right,up,down,az,default_direction,orientation,direction
1,FSM.TAKE_OFF,-0.01123046875,0.038482666015625,0.0091094970703125,-0.10125732421875,-0.003917694091796875,0.05145263671875,-0.00370025634765625,1952,1011,32766,32766,32766,9.0,0.007381439208984375,LEFT,DEVANT,LEFT
2,FSM.TAKE_OFF,-0.0106658935546875,0.039398193359375,0.00908660888671875,-0.058990478515625,0.00531768798828125,0.04510498046875,-0.0019931793212890625,1946,32766,32766,32766,32766,9.0,0.005191802978515625,LEFT,DEVANT,LEFT
3,FSM.TAKE_OFF,-0.0102386474609375,0.041748046875,0.01073455810546875,-0.236328125,0.01110076904296875,0.047943115234375,0.0086212158203125,1946,32766,32766,32766,32766,14.0,0.010986328125,LEFT,DEVANT,LEFT
4,FSM.TAKE_OFF,-0.00955963134765625,0.044219970703125,0.01177215576171875,-0.355224609375,0.01523590087890625,0.0504150390625,0.04168701171875,1942,1016,32766,32766,32766,14.0,0.139404296875,LEFT,DEVANT,LEFT
5,FSM.TAKE_OFF,0.01226043701171875,0.046722412109375,0.01551055908203125,-0.030487060546875,0.10064697265625,0.041473388671875,0.1444091796875,1942,1006,32766,32766,32766,6.0,0.1251220703125,LEFT,DEVANT,LEFT
6,FSM.TAKE_OFF,0.0238494873046875,0.049407958984375,0.01432037353515625,0.3486328125,0.0946044921875,0.023773193359375,0.1451416015625,1942,1006,32766,32766,32766,0.0,0.11053466796875,RIGHT,DEVANT,LEFT
7,FSM.TAKE_OFF,0.01308441162109375,0.03985595703125,0.0189056396484375,0.939453125,0.0289154052734375,-0.0031375885009765625,0.190673828125,1953,32766,32766,32766,32766,0.0,0.07861328125,RIGHT,DEVANT,LEFT
8,FSM.TAKE_OFF,0.00969696044921875,0.0440673828125,0.02630615234375,1.484375,-0.01812744140625,0.01178741455078125,0.2330322265625,1953,32766,32766,1814,32766,36.0,0.046630859375,RIGHT,DEVANT,LEFT
9,FSM.TAKE_OFF,0.01116943359375,0.042236328125,0.0426025390625,1.845703125,-0.029144287109375,-0.0024852752685546875,0.2496337890625,1972,986,32766,1814,32766,36.0,0.0176544189453125,RIGHT,DEVANT,LEFT
10,FSM.TAKE_OFF,0.007045745849609375,0.041107177734375,0.08233642578125,1.888671875,-0.054229736328125,-0.0005421638488769531,0.295166015625,1991,1003,32766,32766,32766,77.0,-0.051849365234375,RIGHT,DEVANT,LEFT
11,FSM.TAKE_OFF,0.0012960433959960938,0.042388916015625,0.10113525390625,1.64453125,-0.07293701171875,0.0096435546875,0.318115234375,1991,1003,32766,1776,32766,118.0,-0.0625,RIGHT,DEVANT,LEFT
12,FSM.TAKE_OFF,-0.004608154296875,0.042266845703125,0.125,1.236328125,-0.07623291015625,0.00862884521484375,0.2841796875,1990,973,32766,1776,32766,118.0,-0.0762939453125,RIGHT,DEVANT,LEFT
13,FSM.TAKE_OFF,-0.007793426513671875,0.04266357421875,0.1298828125,0.96728515625,-0.07330322265625,0.001987457275390625,0.2144775390625,1990,973,32766,2037,32766,132.0,-0.0894775390625,RIGHT,DEVANT,LEFT
14,FSM.TAKE_OFF,-0.01413726806640625,0.04083251953125,0.1416015625,0.55615234375,-0.0679931640625,-0.006046295166015625,0.1741943359375,2007,937,32766,2037,32766,132.0,-0.07269287109375,RIGHT,DEVANT,LEFT
15,FSM.TAKE_OFF,-0.018341064453125,0.04034423828125,0.1434326171875,0.330810546875,-0.058197021484375,-0.0097808837890625,0.1175537109375,2007,937,32766,2177,32766,144.0,-0.059600830078125,RIGHT,DEVANT,LEFT
16,FSM.TAKE_OFF,-0.0274505615234375,0.040740966796875,0.1517333984375,-0.087890625,-0.048004150390625,-0.0030059814453125,0.0772705078125,2017,921,32766,2265,32766,151.0,-0.0281219482421875,LEFT,DEVANT,LEFT
17,FSM.TAKE_OFF,-0.032470703125,0.0413818359375,0.1544189453125,-0.322998046875,-0.054779052734375,0.0006113052368164062,0.062408447265625,2046,899,32766,2265,32766,151.0,-0.00215911865234375,LEFT,DEVANT,LEFT
18,FSM.TAKE_OFF,-0.03759765625,0.04254150390625,0.1600341796875,-0.437744140625,-0.04315185546875,0.0039825439453125,0.0736083984375,2046,899,32766,2282,32766,166.0,0.004329681396484375,LEFT,DEVANT,LEFT
19,FSM.TAKE_OFF,-0.04193115234375,0.041961669921875,0.1663818359375,-0.49072265625,-0.040985107421875,4.76837158203125e-05,0.08837890625,2054,886,32766,2282,32766,166.0,0.005359649658203125,LEFT,DEVANT,LEFT
20,FSM.TAKE_OFF,-0.04425048828125,0.041595458984375,0.1671142578125,-0.51708984375,-0.042266845703125,-0.0031833648681640625,0.074951171875,2054,886,32766,2283,32766,168.0,-7.659196853637695e-05,LEFT,DEVANT,LEFT
21,FSM.TAKE_OFF,-0.0634765625,0.042144775390625,0.223876953125,-0.44287109375,-0.0263824462890625,0.0012559890747070312,0.1556396484375,2065,857,32766,2283,32766,228.0,-0.036590576171875,LEFT,DEVANT,LEFT
22,FSM.TAKE_OFF,-0.06524658203125,0.041229248046875,0.2322998046875,-0.39892578125,-0.0236358642578125,-0.00336456298828125,0.13232421875,2081,845,32766,2283,32766,228.0,-0.051666259765625,LEFT,DEVANT,LEFT
23,FSM.TAKE_OFF,-0.06787109375,0.040496826171875,0.2392578125,-0.4091796875,-0.0249786376953125,-0.008880615234375,0.11602783203125,2081,845,32766,2282,32766,243.0,-0.055206298828125,LEFT,DEVANT,LEFT
24,FSM.TAKE_OFF,-0.0714111328125,0.039031982421875,0.247314453125,-0.57421875,-0.0226287841796875,-0.0132904052734375,0.05645751953125,2083,843,32766,2277,32766,245.0,-0.030242919921875,LEFT,DEVANT,LEFT
25,FSM.TAKE_OFF,-0.073974609375,0.038726806640625,0.248779296875,-0.74853515625,-0.0237579345703125,-0.012237548828125,0.042205810546875,2095,839,32766,2277,32766,245.0,-0.0184478759765625,LEFT,DEVANT,LEFT
26,FSM.TAKE_OFF,-0.07733154296875,0.0384521484375,0.2486572265625,-0.9580078125,-0.0266571044921875,-0.01088714599609375,0.020721435546875,2095,839,32766,2284,32766,246.0,-0.003688812255859375,LEFT,DEVANT,LEFT
27,FSM.TAKE_OFF,-0.079833984375,0.038421630859375,0.24853515625,-1.16796875,-0.026458740234375,-0.007610321044921875,0.01910400390625,2092,836,32766,2284,32766,246.0,0.0006537437438964844,LEFT,DEVANT,LEFT
28,FSM.TAKE_OFF,-0.0809326171875,0.040618896484375,0.2490234375,-1.33984375,-0.0227813720703125,0.0011701583862304688,0.00768280029296875,2092,836,32766,2277,32766,246.0,-0.007129669189453125,LEFT,DEVANT,LEFT
29,FSM.TAKE_OFF,-0.08123779296875,0.04180908203125,0.2481689453125,-1.525390625,-0.0178985595703125,0.004840850830078125,0.00771331787109375,2093,829,32766,2277,32766,246.0,-0.004985809326171875,LEFT,DEVANT,LEFT
30,FSM.TAKE_OFF,-0.08251953125,0.04248046875,0.2447509765625,-1.947265625,-0.011749267578125,0.00567626953125,-0.004669189453125,2089,831,32766,2269,32766,241.0,0.0171051025390625,LEFT,DEVANT,LEFT
31,FSM.TAKE_OFF,-0.0814208984375,0.045806884765625,0.2423095703125,-2.1015625,-0.00548553466796875,0.013916015625,-0.0196533203125,2089,831,32766,2261,32766,235.0,0.035491943359375,LEFT,DEVANT,LEFT
32,FSM.TAKE_OFF,-0.0831298828125,0.05047607421875,0.23876953125,-2.1796875,-0.007259368896484375,0.0244140625,-0.00144195556640625,2107,828,32766,2261,32766,235.0,0.044891357421875,LEFT,DEVANT,LEFT
33,FSM.TAKE_OFF,-0.0845947265625,0.0538330078125,0.237548828125,-2.1875,-0.00850677490234375,0.030487060546875,0.005031585693359375,2107,828,32766,2263,32766,234.0,0.0386962890625,LEFT,DEVANT,LEFT
34,FSM.TAKE_OFF,-0.0845947265625,0.053680419921875,0.2366943359375,-2.1171875,-0.0059967041015625,0.027008056640625,0.0265655517578125,2102,830,32766,2263,32766,234.0,0.054046630859375,LEFT,DEVANT,LEFT
35,FSM.TAKE_OFF,-0.0853271484375,0.05804443359375,0.235595703125,-2.0234375,-0.00550079345703125,0.03253173828125,0.033843994140625,2102,830,32766,2274,32766,233.0,0.0467529296875,LEFT,DEVANT,LEFT
36,FSM.TAKE_OFF,-0.08416748046875,0.064208984375,0.237548828125,-1.92578125,-0.0013170242309570312,0.0406494140625,0.055572509765625,2101,824,32766,2274,32766,233.0,0.047698974609375,LEFT,DEVANT,LEFT
37,FSM.TAKE_OFF,-0.084716796875,0.06622314453125,0.241455078125,-1.755859375,-0.00025343894958496094,0.033721923828125,0.07659912109375,2102,822,32766,2271,32766,236.0,0.033935546875,LEFT,DEVANT,LEFT
38,FSM.TAKE_OFF,-0.08575439453125,0.06591796875,0.2445068359375,-1.6708984375,0.0003974437713623047,0.01593017578125,0.08746337890625,2102,822,32766,2267,32766,246.0,0.034698486328125,LEFT,DEVANT,LEFT
39,FSM.TAKE_OFF,-0.08721923828125,0.06781005859375,0.2496337890625,-1.587890625,-0.003513336181640625,0.014007568359375,0.10577392578125,2097,825,32766,2267,32766,246.0,0.0308380126953125,LEFT,DEVANT,LEFT
40,FSM.TAKE_OFF,-0.08746337890625,0.06536865234375,0.25439453125,-1.4873046875,-0.002513885498046875,0.0018367767333984375,0.11566162109375,2097,825,32766,2263,32766,255.0,0.01355743408203125,LEFT,DEVANT,LEFT
41,FSM.CROSS,-0.0860595703125,0.0660400390625,0.283203125,-1.1025390625,0.006198883056640625,-0.0165863037109375,0.11932373046875,2100,816,32766,2264,32766,275.0,-0.0017633438110351562,LEFT,DEVANT,LEFT
42,FSM.CROSS,-0.08172607421875,0.048431396484375,0.287353515625,-0.48095703125,0.015960693359375,-0.05706787109375,0.10980224609375,2100,816,32766,2268,32766,289.0,0.001125335693359375,LEFT,DEVANT,LEFT
43,FSM.CROSS,-0.082275390625,0.0390625,0.299072265625,0.89892578125,0.0145416259765625,-0.0665283203125,0.1116943359375,2095,818,32766,2264,32766,298.0,-0.0041046142578125,RIGHT,DEVANT,LEFT
44,FSM.CROSS,-0.08056640625,0.038360595703125,0.303466796875,1.3232421875,0.01554107666015625,-0.05322265625,0.10333251953125,2100,824,32766,2264,32766,298.0,-0.0018978118896484375,RIGHT,DEVANT,LEFT
45,FSM.CROSS,-0.0797119140625,0.0364990234375,0.306884765625,1.462890625,0.01509857177734375,-0.0406494140625,0.09161376953125,2100,824,32766,2263,32766,305.0,-0.017059326171875,RIGHT,DEVANT,LEFT
46,FSM.CROSS,-0.08026123046875,0.03399658203125,0.314453125,0.7177734375,0.00702667236328125,-0.0219573974609375,0.08172607421875,2112,830,32766,2270,32766,316.0,-0.007843017578125,RIGHT,DEVANT,LEFT
47,FSM.CROSS,-0.08099365234375,0.0357666015625,0.319091796875,0.0173797607421875,0.00160980224609375,-0.01139068603515625,0.08160400390625,32766,831,32766,2270,32766,316.0,-0.0035190582275390625,RIGHT,DEVANT,LEFT
48,FSM.CROSS,-0.08111572265625,0.03594970703125,0.322021484375,-1.013671875,-0.0031452178955078125,-0.0014486312866210938,0.065673828125,32766,831,32766,2265,32766,318.0,-0.008270263671875,LEFT,DEVANT,LEFT
49,FSM.CROSS,-0.07989501953125,0.040679931640625,0.32373046875,-2.201171875,-0.00511932373046875,0.0041656494140625,0.061798095703125,32766,820,32766,2265,32766,318.0,-0.01129150390625,LEFT,DEVANT,LEFT
50,FSM.CROSS,-0.0797119140625,0.04620361328125,0.3310546875,-3.533203125,-0.006801605224609375,0.01922607421875,0.08538818359375,32766,820,32766,2264,32766,335.0,-0.0162506103515625,LEFT,DEVANT,LEFT
51,FSM.CROSS,-0.08087158203125,0.050537109375,0.336669921875,-4.8671875,-0.0118255615234375,0.015777587890625,0.07763671875,2086,827,32766,2264,32766,335.0,-0.0105438232421875,LEFT,DEVANT,LEFT
52,FSM.CROSS,-0.08221435546875,0.05450439453125,0.347900390625,-7.44140625,-0.0112457275390625,0.01068115234375,0.07867431640625,32766,827,32766,2276,32766,346.0,-0.01727294921875,LEFT,DEVANT,LEFT
53,FSM.CROSS,-0.0836181640625,0.05291748046875,0.35546875,-8.6484375,-0.01148223876953125,0.00032711029052734375,0.08612060546875,32766,827,32766,2300,32766,358.0,-0.019317626953125,LEFT,DEVANT,LEFT
54,FSM.CROSS,-0.0877685546875,0.051116943359375,0.359375,-9.65625,-0.016204833984375,-0.01006317138671875,0.07061767578125,2100,847,32766,2300,32766,358.0,-0.0340576171875,LEFT,DEVANT,LEFT
55,FSM.CROSS,-0.0894775390625,0.0491943359375,0.361328125,-10.4375,-0.0144500732421875,-0.01861572265625,0.045440673828125,2100,847,32766,2335,32766,359.0,-0.045867919921875,LEFT,DEVANT,LEFT
56,FSM.CROSS,-0.092041015625,0.0458984375,0.363037109375,-10.9921875,-0.01329803466796875,-0.0272674560546875,0.02569580078125,2121,32766,32766,2335,32766,359.0,-0.04669189453125,LEFT,DEVANT,LEFT
57,FSM.CROSS,-0.0908203125,0.039093017578125,0.363525390625,-11.3203125,0.0020275115966796875,-0.036102294921875,-0.0106048583984375,32766,32766,32766,32766,32766,364.0,-0.0289306640625,LEFT,DEVANT,LEFT
58,FSM.CROSS,-0.09271240234375,0.033447265625,0.36181640625,-11.171875,0.005279541015625,-0.0404052734375,-0.029876708984375,32766,32766,32766,32766,32766,360.0,-0.01470184326171875,LEFT,DEVANT,LEFT
59,FSM.CROSS,-0.09130859375,0.0269775390625,0.360107421875,-10.7890625,0.014495849609375,-0.0433349609375,-0.03839111328125,32766,32766,32766,32766,32766,360.0,-0.0175018310546875,LEFT,DEVANT,LEFT
60,FSM.CROSS,-0.0872802734375,0.0230255126953125,0.355224609375,-9.7578125,0.0290374755859375,-0.027252197265625,-0.0443115234375,32766,32766,32766,32766,32766,356.0,0.01270294189453125,LEFT,DEVANT,LEFT
61,FSM.CROSS,-0.0780029296875,0.0285186767578125,0.342529296875,-6.69921875,0.05718994140625,0.07879638671875,-0.0283355712890625,32766,843,32766,32766,32766,345.0,0.0238494873046875,LEFT,DEVANT,LEFT
62,FSM.CROSS,-0.07659912109375,0.03375244140625,0.33837890625,-5.80859375,0.060546875,0.10687255859375,-0.03265380859375,32766,843,32766,2313,32766,334.0,0.01213836669921875,LEFT,DEVANT,LEFT
63,FSM.CROSS,-0.0682373046875,0.0565185546875,0.33154296875,-3.5703125,0.07318115234375,0.1629638671875,-0.0341796875,2089,842,32766,2305,32766,327.0,0.01380157470703125,LEFT,DEVANT,LEFT
64,FSM.CROSS,-0.063720703125,0.06414794921875,0.32763671875,-2.337890625,0.0765380859375,0.1690673828125,-0.0350341796875,2082,843,32766,2305,32766,327.0,0.027374267578125,LEFT,DEVANT,LEFT
65,FSM.CROSS,-0.060333251953125,0.0767822265625,0.32763671875,-0.912109375,0.078369140625,0.1761474609375,-0.014984130859375,2082,843,32766,2309,32766,334.0,0.0264892578125,LEFT,DEVANT,LEFT
66,FSM.CROSS,-0.056793212890625,0.08734130859375,0.330322265625,0.58544921875,0.0970458984375,0.1712646484375,0.0121917724609375,2085,840,32766,2309,32766,334.0,0.028594970703125,RIGHT,DEVANT,LEFT
67,FSM.CROSS,-0.043701171875,0.1002197265625,0.3408203125,3.431640625,0.169677734375,0.133544921875,0.06134033203125,32766,876,32766,2327,32766,341.0,0.006069183349609375,RIGHT,DEVANT,LEFT
68,FSM.CROSS,-0.0341796875,0.10174560546875,0.34375,4.66796875,0.202880859375,0.103515625,0.0443115234375,32766,876,32766,2345,32766,338.0,-0.01519012451171875,RIGHT,DEVANT,LEFT
69,FSM.CROSS,-0.0290679931640625,0.1033935546875,0.343017578125,5.6484375,0.223388671875,0.07379150390625,0.037872314453125,32766,892,32766,2345,32766,338.0,-0.01131439208984375,RIGHT,DEVANT,LEFT
70,FSM.CROSS,-0.015106201171875,0.10540771484375,0.3359375,6.4140625,0.248779296875,0.04779052734375,-0.078125,32766,892,32766,2290,32766,301.0,0.0062408447265625,RIGHT,DEVANT,LEFT
71,FSM.CROSS,-0.002376556396484375,0.105712890625,0.318115234375,6.9609375,0.26904296875,0.0223846435546875,-0.07232666015625,32766,908,32766,2290,32766,301.0,0.0232086181640625,RIGHT,DEVANT,LEFT
72,FSM.CROSS,0.01233673095703125,0.10491943359375,0.267333984375,7.05078125,0.253662109375,-0.01186370849609375,-0.1885986328125,32766,926,32766,32766,32766,252.0,0.11505126953125,RIGHT,DEVANT,LEFT
73,FSM.CROSS,0.0201873779296875,0.10418701171875,0.249267578125,6.8671875,0.235595703125,-0.0212249755859375,-0.154052734375,32766,926,32766,32766,32766,258.0,0.1494140625,RIGHT,DEVANT,LEFT
74,FSM.CROSS,0.0284576416015625,0.10272216796875,0.246826171875,6.390625,0.21142578125,-0.02471923828125,-0.0797119140625,32766,941,32766,32766,32766,258.0,0.140380859375,RIGHT,DEVANT,LEFT
75,FSM.CROSS,0.042510986328125,0.101806640625,0.25341796875,5.6796875,0.2022705078125,-0.021209716796875,0.0780029296875,32766,941,32766,2059,32766,277.0,0.1239013671875,RIGHT,DEVANT,LEFT
76,FSM.CROSS,0.062744140625,0.09527587890625,0.287353515625,3.7109375,0.166015625,-0.019378662109375,0.275146484375,32766,973,32766,2391,32766,313.0,0.042816162109375,RIGHT,DEVANT,LEFT
77,FSM.CROSS,0.06634521484375,0.09344482421875,0.31201171875,2.408203125,0.148681640625,-0.0151214599609375,0.287841796875,32766,1003,32766,2391,32766,313.0,-0.0008006095886230469,RIGHT,DEVANT,LEFT
78,FSM.CROSS,0.07489013671875,0.087890625,0.333984375,0.94189453125,0.1676025390625,-0.0217742919921875,0.341552734375,32766,1003,32766,2321,32766,347.0,-0.053985595703125,RIGHT,DEVANT,LEFT
79,FSM.CROSS,0.08465576171875,0.0875244140625,0.35546875,-0.52587890625,0.1986083984375,-0.017486572265625,0.310302734375,32766,1075,32766,2321,32766,347.0,-0.0821533203125,LEFT,DEVANT,LEFT
80,FSM.CROSS,0.1109619140625,0.08660888671875,0.389892578125,-3.216796875,0.260009765625,-0.0096282958984375,0.25146484375,1923,32766,32766,2297,32766,385.0,-0.0986328125,LEFT,DEVANT,LEFT
81,FSM.CROSS,0.1624755859375,0.08135986328125,0.424560546875,-7.05078125,0.28173828125,-0.01421356201171875,0.06475830078125,1869,32766,32766,32766,32766,426.0,-0.091796875,LEFT,DEVANT,LEFT
82,FSM.CROSS,0.1846923828125,0.08148193359375,0.436767578125,-8.15625,0.25390625,-0.002246856689453125,0.017242431640625,1853,1387,32766,32766,32766,442.0,-0.08306884765625,LEFT,DEVANT,LEFT
83,FSM.CROSS,0.1937255859375,0.08001708984375,0.44384765625,-8.4765625,0.229736328125,-0.0007700920104980469,0.006496429443359375,1853,1387,32766,32766,32766,455.0,-0.09442138671875,LEFT,DEVANT,LEFT
84,FSM.CROSS,0.2047119140625,0.08050537109375,0.448486328125,-8.7734375,0.2119140625,0.005340576171875,-0.01380157470703125,1825,32766,32766,32766,32766,455.0,-0.09649658203125,LEFT,DEVANT,LEFT
85,FSM.CROSS,0.2147216796875,0.08111572265625,0.449951171875,-8.890625,0.1978759765625,0.01152801513671875,-0.041961669921875,1825,32766,32766,32766,32766,442.0,-0.0889892578125,LEFT,DEVANT,LEFT
86,FSM.CROSS,0.2196044921875,0.08282470703125,0.44287109375,-8.8203125,0.1898193359375,0.0179443359375,-0.09600830078125,1825,32766,32766,32766,32766,442.0,-0.06890869140625,LEFT,DEVANT,LEFT
87,FSM.CROSS,0.2347412109375,0.08575439453125,0.41455078125,-8.0234375,0.21923828125,0.0225982666015625,-0.2076416015625,1798,1494,32766,32766,32766,417.0,-0.0188751220703125,LEFT,DEVANT,LEFT
88,FSM.CROSS,0.2427978515625,0.093994140625,0.40087890625,-7.3046875,0.2353515625,0.037933349609375,-0.2301025390625,1798,1494,32766,32766,32766,399.0,0.01470184326171875,LEFT,DEVANT,LEFT
89,FSM.CROSS,0.25341796875,0.09527587890625,0.388671875,-6.328125,0.25732421875,0.037139892578125,-0.2193603515625,1782,32766,32766,32766,32766,399.0,0.0296478271484375,LEFT,DEVANT,LEFT
90,FSM.CROSS,0.261474609375,0.09820556640625,0.3828125,-5.18359375,0.269775390625,0.040008544921875,-0.181640625,1782,32766,32766,32766,32766,396.0,0.0195465087890625,LEFT,DEVANT,LEFT
91,FSM.CROSS,0.27392578125,0.1016845703125,0.380615234375,-3.875,0.2841796875,0.042327880859375,-0.1429443359375,1766,32766,32766,32766,32766,396.0,0.017120361328125,LEFT,DEVANT,LEFT
92,FSM.CROSS,0.29150390625,0.10272216796875,0.385498046875,-2.298828125,0.3017578125,0.03857421875,-0.0821533203125,1766,32766,32766,32766,32766,410.0,0.01505279541015625,LEFT,DEVANT,LEFT
93,FSM.CROSS,0.3076171875,0.1024169921875,0.3935546875,-0.6298828125,0.30810546875,0.033172607421875,-0.0292205810546875,1746,32766,32766,32766,32766,410.0,-0.019378662109375,LEFT,DEVANT,LEFT
94,FSM.CROSS,0.33837890625,0.1064453125,0.390869140625,2.8203125,0.295166015625,0.028167724609375,-0.0557861328125,32766,1272,32766,32766,32766,390.0,-0.03533935546875,RIGHT,DEVANT,LEFT
95,FSM.CROSS,0.35498046875,0.11065673828125,0.382080078125,4.5625,0.279296875,0.026580810546875,-0.1292724609375,32766,1272,32766,1558,32766,366.0,-0.032012939453125,RIGHT,DEVANT,LEFT
96,FSM.CROSS,0.36181640625,0.10845947265625,0.368896484375,6.16796875,0.2413330078125,0.01378631591796875,-0.1412353515625,32766,32766,32766,1558,32766,366.0,-0.004840850830078125,RIGHT,DEVANT,LEFT
97,FSM.CROSS,0.370849609375,0.1173095703125,0.353515625,7.6484375,0.2147216796875,0.0252838134765625,-0.2138671875,32766,32766,32766,1527,32766,335.0,0.027130126953125,RIGHT,DEVANT,LEFT
98,FSM.CROSS,0.372802734375,0.1197509765625,0.335693359375,8.875,0.18798828125,0.0210723876953125,-0.197265625,32766,32766,32766,1527,32766,335.0,0.03411865234375,RIGHT,DEVANT,LEFT
99,FSM.CROSS,0.393798828125,0.125244140625,0.306884765625,10.3984375,0.2200927734375,0.0158538818359375,-0.1881103515625,32766,32766,32766,1545,32766,313.0,0.0838623046875,RIGHT,DEVANT,LEFT
100,FSM.CROSS,0.39599609375,0.1258544921875,0.29443359375,10.8828125,0.228515625,0.006221771240234375,-0.1837158203125,32766,32766,32766,1549,32766,286.0,0.08660888671875,RIGHT,DEVANT,LEFT
101,FSM.CROSS,0.4501953125,0.114990234375,0.2705078125,11.1328125,0.259521484375,-0.02374267578125,0.040191650390625,32766,32766,32766,32766,32766,269.0,0.061920166015625,RIGHT,DEVANT,LEFT
102,FSM.CROSS,0.460693359375,0.11395263671875,0.27392578125,10.7890625,0.25390625,-0.023345947265625,0.0706787109375,32766,32766,32766,2325,32766,273.0,0.04461669921875,RIGHT,DEVANT,LEFT
103,FSM.CROSS,0.466796875,0.11175537109375,0.277587890625,10.2578125,0.235595703125,-0.0240020751953125,0.09246826171875,32766,32766,32766,2325,32766,273.0,0.031585693359375,RIGHT,DEVANT,LEFT
104,FSM.CROSS,0.48193359375,0.1097412109375,0.2822265625,9.53125,0.2357177734375,-0.0251007080078125,0.10394287109375,32766,32766,32766,2373,32766,286.0,0.02264404296875,RIGHT,DEVANT,LEFT
105,FSM.CROSS,0.501953125,0.10711669921875,0.296142578125,7.3671875,0.2047119140625,-0.0233154296875,0.126708984375,32766,32766,32766,2398,32766,297.0,-0.005207061767578125,RIGHT,DEVANT,LEFT
106,FSM.CROSS,0.5126953125,0.1055908203125,0.302734375,6.18359375,0.189453125,-0.024322509765625,0.125732421875,32766,32766,32766,2398,32766,297.0,-0.0030765533447265625,RIGHT,DEVANT,LEFT
107,FSM.CROSS,0.52294921875,0.10504150390625,0.306884765625,4.8515625,0.177734375,-0.0234222412109375,0.11090087890625,32766,32766,32766,2301,32766,306.0,-0.007167816162109375,RIGHT,DEVANT,LEFT
108,FSM.CROSS,0.53369140625,0.1019287109375,0.31201171875,3.43359375,0.1856689453125,-0.0292205810546875,0.10638427734375,32766,1472,32766,2301,32766,306.0,-0.0128326416015625,RIGHT,DEVANT,LEFT
109,FSM.CROSS,0.54248046875,0.10101318359375,0.31640625,1.9072265625,0.20556640625,-0.02886962890625,0.09765625,32766,1472,32766,32766,32766,317.0,-0.006298065185546875,RIGHT,DEVANT,LEFT
110,FSM.CROSS,0.552734375,0.099853515625,0.321044921875,0.26220703125,0.2276611328125,-0.0284423828125,0.08575439453125,32766,1514,32766,32766,32766,317.0,-0.0242919921875,RIGHT,DEVANT,LEFT
111,FSM.CROSS,0.58154296875,0.0943603515625,0.329345703125,-3.0859375,0.27880859375,-0.03509521484375,0.0645751953125,1466,1575,32766,32766,32766,326.0,-0.0117645263671875,LEFT,DEVANT,LEFT
112,FSM.CROSS,0.59326171875,0.09295654296875,0.33349609375,-4.671875,0.287841796875,-0.03253173828125,0.0653076171875,1466,1575,32766,1536,32766,334.0,-0.009796142578125,LEFT,DEVANT,LEFT
113,FSM.CROSS,0.60595703125,0.091552734375,0.3369140625,-6.1015625,0.28759765625,-0.0282745361328125,0.060272216796875,1428,1658,32766,1536,32766,334.0,-0.00830078125,LEFT,DEVANT,LEFT
114,FSM.CROSS,0.62060546875,0.09033203125,0.341064453125,-7.27734375,0.286865234375,-0.023956298828125,0.06549072265625,1428,1658,32766,1501,32766,344.0,-0.0205230712890625,LEFT,DEVANT,LEFT
115,FSM.CROSS,0.634765625,0.0904541015625,0.34521484375,-8.1875,0.282470703125,-0.0163421630859375,0.053680419921875,1398,1777,32766,1501,32766,344.0,-0.032012939453125,LEFT,DEVANT,LEFT
116,FSM.CROSS,0.65966796875,0.09063720703125,0.34619140625,-8.9140625,0.2486572265625,-0.0046234130859375,0.0141448974609375,1360,1889,32766,1487,32766,344.0,-0.022186279296875,LEFT,DEVANT,LEFT
117,FSM.CROSS,0.669921875,0.0919189453125,0.34521484375,-8.734375,0.2225341796875,0.001102447509765625,-0.00978851318359375,1360,1889,32766,1484,32766,343.0,-0.0224151611328125,LEFT,DEVANT,LEFT
118,FSM.CROSS,0.681640625,0.0926513671875,0.343505859375,-8.2421875,0.2061767578125,0.005290985107421875,-0.017547607421875,1334,32766,32766,1484,32766,343.0,-0.0162200927734375,LEFT,DEVANT,LEFT
119,FSM.CROSS,0.68896484375,0.09356689453125,0.341796875,-7.515625,0.1986083984375,0.00904083251953125,-0.02496337890625,1334,32766,32766,1502,32766,343.0,-0.006145477294921875,LEFT,DEVANT,LEFT
120,FSM.CROSS,0.71826171875,0.09539794921875,0.341552734375,-5.28515625,0.2298583984375,0.0164337158203125,-0.00162506103515625,1289,32766,32766,1566,32766,345.0,0.0166168212890625,LEFT,DEVANT,LEFT
121,FSM.CROSS,0.7626953125,0.10015869140625,0.336181640625,-1.5205078125,0.2208251953125,0.0238494873046875,-0.007335662841796875,1240,32766,32766,32766,32766,337.0,0.0104827880859375,LEFT,DEVANT,LEFT
122,FSM.CROSS,0.78564453125,0.10284423828125,0.33349609375,0.4541015625,0.2178955078125,0.0236663818359375,-0.010528564453125,1223,32766,32766,2396,32766,334.0,0.0055084228515625,RIGHT,DEVANT,LEFT
123,FSM.CROSS,0.80224609375,0.10284423828125,0.332763671875,1.5625,0.2271728515625,0.0181884765625,-0.01151275634765625,1223,32766,32766,2343,32766,333.0,-0.0009088516235351562,RIGHT,DEVANT,LEFT
124,FSM.CROSS,0.818359375,0.10308837890625,0.332275390625,2.802734375,0.2271728515625,0.01788330078125,-0.0124359130859375,1205,32766,32766,2343,32766,333.0,-0.01222991943359375,RIGHT,DEVANT,LEFT
125,FSM.CROSS,0.82861328125,0.10296630859375,0.33203125,4.17578125,0.217041015625,0.01403045654296875,-0.01349639892578125,1205,32766,32766,32766,32766,334.0,-0.0015277862548828125,RIGHT,DEVANT,LEFT
126,FSM.CROSS,0.84033203125,0.1046142578125,0.332275390625,5.53515625,0.2247314453125,0.01241302490234375,-0.00867462158203125,32766,32766,32766,32766,32766,334.0,0.00041794776916503906,RIGHT,DEVANT,LEFT
127,FSM.CROSS,0.8505859375,0.09857177734375,0.334228515625,6.73046875,0.2381591796875,-0.00611114501953125,0.0041961669921875,32766,32766,32766,571,32766,335.0,0.0010013580322265625,RIGHT,DEVANT,LEFT
128,FSM.CROSS,0.86669921875,0.098876953125,0.334716796875,7.7421875,0.261962890625,-0.007556915283203125,0.00390625,32766,32766,32766,571,32766,335.0,-0.0159912109375,RIGHT,DEVANT,LEFT
129,FSM.CROSS,0.87646484375,0.09759521484375,0.33642578125,8.515625,0.26611328125,-0.01186370849609375,0.0035762786865234375,32766,32766,32766,556,32766,338.0,-0.005527496337890625,RIGHT,DEVANT,LEFT
130,FSM.CROSS,0.90234375,0.09283447265625,0.337646484375,9.4921875,0.27880859375,-0.02117919921875,-0.0016422271728515625,32766,32766,32766,553,32766,347.0,-0.01373291015625,RIGHT,DEVANT,LEFT
131,FSM.CROSS,0.91796875,0.09246826171875,0.342041015625,9.6171875,0.2822265625,-0.019683837890625,0.0108795166015625,32766,32766,32766,553,32766,347.0,-0.0176239013671875,RIGHT,DEVANT,LEFT
132,FSM.CROSS,0.93115234375,0.08990478515625,0.344970703125,9.515625,0.272705078125,-0.0208740234375,0.00432586669921875,32766,32766,32766,557,32766,340.0,-0.0041961669921875,RIGHT,DEVANT,LEFT
133,FSM.CROSS,0.94384765625,0.09136962890625,0.343017578125,9.2109375,0.255615234375,-0.01177215576171875,-0.0013761520385742188,32766,32766,32766,557,32766,340.0,-0.005718231201171875,RIGHT,DEVANT,LEFT
134,FSM.CROSS,0.95947265625,0.0870361328125,0.341064453125,8.59375,0.2420654296875,-0.01397705078125,-0.0207366943359375,32766,32766,32766,554,32766,338.0,-0.00616455078125,RIGHT,DEVANT,LEFT
135,FSM.CROSS,0.97119140625,0.08514404296875,0.338623046875,7.7734375,0.219482421875,-0.01010894775390625,-0.022674560546875,32766,32766,32766,554,32766,338.0,-0.0006608963012695312,RIGHT,DEVANT,LEFT
136,FSM.CROSS,0.9873046875,0.087158203125,0.3310546875,5.3984375,0.1988525390625,0.00814056396484375,-0.040557861328125,32766,32766,32766,552,32766,332.0,0.00836181640625,RIGHT,DEVANT,LEFT
137,FSM.CROSS,0.994140625,0.0830078125,0.32666015625,4.01953125,0.2061767578125,0.00423431396484375,-0.05859375,32766,32766,32766,551,32766,321.0,0.00957489013671875,RIGHT,DEVANT,LEFT
138,FSM.CROSS,1.001953125,0.08203125,0.32177734375,2.478515625,0.21435546875,0.00617218017578125,-0.051361083984375,32766,32766,481,551,32766,321.0,0.00824737548828125,RIGHT,DEVANT,LEFT
139,FSM.CROSS,1.015625,0.086181640625,0.318115234375,0.9521484375,0.234375,0.0166778564453125,-0.048583984375,32766,32766,481,552,32766,318.0,0.0288238525390625,RIGHT,DEVANT,LEFT
140,FSM.CROSS,1.03515625,0.09307861328125,0.314697265625,-1.6787109375,0.25634765625,0.0355224609375,-0.0160980224609375,1000,32766,461,554,32766,317.0,0.031463623046875,LEFT,DEVANT,LEFT
141,FSM.CROSS,1.0947265625,0.107177734375,0.322509765625,-7.16796875,0.2210693359375,0.0255889892578125,0.032440185546875,905,32766,32766,561,32766,322.0,-0.003894805908203125,LEFT,DEVANT,LEFT
142,FSM.CROSS,1.1064453125,0.1083984375,0.32275390625,-8.03125,0.2105712890625,0.0189056396484375,0.0238494873046875,905,32766,32766,560,32766,321.0,-0.01354217529296875,LEFT,DEVANT,LEFT
143,FSM.CROSS,1.115234375,0.1097412109375,0.32373046875,-8.8125,0.1971435546875,0.01143646240234375,0.017547607421875,883,32766,32766,560,32766,321.0,-0.00775146484375,LEFT,DEVANT,LEFT
144,FSM.CROSS,1.1259765625,0.11102294921875,0.323974609375,-9.3125,0.203125,0.0028705596923828125,0.011474609375,883,32766,32766,571,32766,326.0,-0.005428314208984375,LEFT,DEVANT,LEFT
145,FSM.CROSS,1.13671875,0.1114501953125,0.325439453125,-9.7109375,0.226318359375,-0.006519317626953125,0.00921630859375,855,32766,32766,571,32766,326.0,-0.0109710693359375,LEFT,DEVANT,LEFT
146,FSM.CROSS,1.1513671875,0.1090087890625,0.326171875,-9.9296875,0.254150390625,-0.01861572265625,0.007564544677734375,855,32766,32766,573,32766,328.0,-0.01175689697265625,LEFT,DEVANT,LEFT
147,FSM.CROSS,1.162109375,0.1075439453125,0.3271484375,-9.8828125,0.2685546875,-0.0258331298828125,0.005420684814453125,833,32766,32766,573,32766,328.0,-0.01442718505859375,LEFT,DEVANT,LEFT
148,FSM.CROSS,1.1748046875,0.1055908203125,0.325927734375,-9.671875,0.286376953125,-0.032440185546875,-0.00891876220703125,833,32766,32766,579,32766,322.0,-0.0174560546875,LEFT,DEVANT,LEFT
149,FSM.CROSS,1.1875,0.10491943359375,0.3232421875,-9.140625,0.2939453125,-0.0335693359375,-0.0254364013671875,798,32766,32766,579,32766,322.0,0.00220489501953125,LEFT,DEVANT,LEFT
150,FSM.CROSS,1.216796875,0.10009765625,0.320068359375,-7.1015625,0.2978515625,-0.0386962890625,-0.0310516357421875,763,32766,32766,579,32766,320.0,-0.001865386962890625,LEFT,DEVANT,LEFT
151,FSM.CROSS,1.2294921875,0.0989990234375,0.318115234375,-5.87109375,0.288330078125,-0.037750244140625,-0.0306243896484375,763,32766,32766,575,32766,319.0,0.00562286376953125,LEFT,DEVANT,LEFT
152,FSM.CROSS,1.2431640625,0.09710693359375,0.317138671875,-4.6015625,0.268310546875,-0.0300750732421875,-0.025146484375,728,32766,32766,575,32766,319.0,0.0207672119140625,LEFT,DEVANT,LEFT
153,FSM.CROSS,1.255859375,0.09869384765625,0.318359375,-3.1953125,0.2432861328125,-0.0181884765625,-0.00800323486328125,728,32766,32766,583,32766,320.0,0.00832366943359375,LEFT,DEVANT,LEFT
154,FSM.CROSS,1.2705078125,0.09918212890625,0.318603515625,-1.6025390625,0.225341796875,-0.01261138916015625,-0.0012044906616210938,698,32766,32766,583,32766,320.0,-0.0022068023681640625,LEFT,DEVANT,LEFT
155,FSM.CROSS,1.28125,0.09930419921875,0.316162109375,0.2210693359375,0.2169189453125,-0.00984954833984375,-0.0160369873046875,698,32766,32766,601,32766,313.0,0.0105133056640625,RIGHT,DEVANT,LEFT
156,FSM.CROSS,1.3076171875,0.10211181640625,0.315185546875,4.0234375,0.2529296875,0.0014162063598632812,-0.0035762786865234375,669,32766,32766,663,32766,314.0,0.009796142578125,RIGHT,DEVANT,LEFT
157,FSM.CROSS,1.3203125,0.10235595703125,0.314697265625,6.01171875,0.264404296875,0.00453948974609375,0.0008497238159179688,659,32766,32766,663,32766,314.0,0.00829315185546875,RIGHT,DEVANT,LEFT
158,FSM.CROSS,1.3291015625,0.10137939453125,0.314453125,7.96875,0.267578125,0.0018177032470703125,0.0001621246337890625,659,32766,32766,32766,32766,313.0,0.002025604248046875,RIGHT,DEVANT,LEFT
159,FSM.CROSS,1.35546875,0.09954833984375,0.31884765625,10.5625,0.273193359375,0.005352020263671875,0.040679931640625,674,32766,32766,2494,32766,327.0,-0.0015239715576171875,RIGHT,DEVANT,LEFT
160,FSM.CROSS,1.37109375,0.10003662109375,0.323974609375,11.2265625,0.26904296875,0.011383056640625,0.037933349609375,32766,32766,32766,2494,32766,327.0,-0.0159454345703125,RIGHT,DEVANT,LEFT
161,FSM.CROSS,1.4267578125,0.11529541015625,0.311279296875,11.7734375,0.1529541015625,0.146728515625,-0.0240631103515625,32766,32766,32766,2515,32766,314.0,0.0196380615234375,RIGHT,DEVANT,LEFT
162,FSM.CROSS,1.4326171875,0.12188720703125,0.310791015625,11.4140625,0.1278076171875,0.1845703125,-0.016571044921875,32766,32766,32766,2515,32766,314.0,0.0125579833984375,RIGHT,DEVANT,LEFT
163,FSM.CROSS,1.439453125,0.1324462890625,0.3095703125,10.765625,0.10498046875,0.221435546875,-0.0104522705078125,32766,32766,32766,2535,32766,311.0,0.0200347900390625,RIGHT,DEVANT,LEFT
164,FSM.CROSS,1.4443359375,0.1417236328125,0.3095703125,9.8046875,0.0826416015625,0.24365234375,-0.000354766845703125,32766,32766,32766,2535,32766,311.0,0.0187530517578125,RIGHT,DEVANT,LEFT
165,FSM.CROSS,1.44921875,0.1546630859375,0.31298828125,8.5546875,0.06488037109375,0.262939453125,0.024810791015625,32766,32766,32766,2558,32766,315.0,0.0163726806640625,RIGHT,DEVANT,LEFT
166,FSM.CROSS,1.4541015625,0.1666259765625,0.314453125,7.15625,0.054443359375,0.26806640625,0.03131103515625,32766,32766,32766,2558,32766,315.0,0.00875091552734375,RIGHT,DEVANT,LEFT
167,FSM.CROSS,1.458984375,0.1785888671875,0.316650390625,5.52734375,0.04449462890625,0.263671875,0.024169921875,32766,32766,32766,2556,32766,312.0,-0.00437164306640625,RIGHT,DEVANT,LEFT
168,FSM.CROSS,1.4658203125,0.1986083984375,0.314208984375,1.556640625,0.031494140625,0.2337646484375,0.006633758544921875,32766,32766,32766,2562,32766,313.0,-0.0035152435302734375,RIGHT,DEVANT,LEFT
169,FSM.CROSS,1.4697265625,0.2103271484375,0.313720703125,-0.41015625,0.0256500244140625,0.2103271484375,0.0008702278137207031,32766,32766,32766,2562,32766,313.0,-0.004703521728515625,LEFT,DEVANT,LEFT
170,FSM.CROSS,1.4736328125,0.222412109375,0.315185546875,-2.30078125,0.02911376953125,0.19921875,0.00479888916015625,32766,32766,32766,2579,32766,315.0,0.00733184814453125,LEFT,DEVANT,LEFT
171,FSM.CROSS,1.474609375,0.2301025390625,0.3154296875,-4.0390625,0.046539306640625,0.19775390625,0.00951385498046875,32766,32766,32766,2579,32766,315.0,0.0111846923828125,LEFT,DEVANT,LEFT
172,FSM.CROSS,1.4775390625,0.239013671875,0.314697265625,-5.65234375,0.08294677734375,0.2103271484375,0.005939483642578125,32766,32766,32766,2614,32766,314.0,0.0061187744140625,LEFT,DEVANT,LEFT
173,FSM.CROSS,1.482421875,0.2476806640625,0.314208984375,-6.98046875,0.12152099609375,0.2218017578125,0.00217437744140625,32766,32766,32766,2614,32766,314.0,0.00372314453125,LEFT,DEVANT,LEFT
174,FSM.CROSS,1.4970703125,0.269287109375,0.316650390625,-8.8203125,0.1923828125,0.25048828125,0.002674102783203125,32766,32766,32766,2636,32766,317.0,-0.007083892822265625,LEFT,DEVANT,LEFT
175,FSM.CROSS,1.5068359375,0.281005859375,0.31591796875,-9.34375,0.222412109375,0.2607421875,-0.00434112548828125,32766,32766,32766,2662,32766,312.0,-0.006610870361328125,LEFT,DEVANT,LEFT
176,FSM.CROSS,1.5205078125,0.291259765625,0.3134765625,-9.6328125,0.251708984375,0.259765625,-0.0168609619140625,32766,32766,32766,2662,32766,312.0,0.0005049705505371094,LEFT,DEVANT,LEFT
177,FSM.CROSS,1.5283203125,0.30517578125,0.309326171875,-9.59375,0.253662109375,0.265625,-0.0218048095703125,32766,32766,32766,2678,32766,313.0,0.0020694732666015625,LEFT,DEVANT,LEFT
178,FSM.CROSS,1.5419921875,0.32080078125,0.309814453125,-9.3046875,0.25830078125,0.27001953125,-0.016387939453125,32766,32766,32766,2678,32766,313.0,0.010589599609375,LEFT,DEVANT,LEFT
179,FSM.CROSS,1.5517578125,0.33251953125,0.3125,-8.8046875,0.2447509765625,0.257568359375,0.011871337890625,32766,32766,32766,2720,32766,316.0,0.0117950439453125,LEFT,DEVANT,LEFT
180,FSM.CROSS,1.572265625,0.357177734375,0.315673828125,-7.5078125,0.20166015625,0.226318359375,0.0056610107421875,32766,32766,32766,2753,32766,310.0,0.0022487640380859375,LEFT,DEVANT,LEFT
181,FSM.CROSS,1.607421875,0.396728515625,0.314453125,-4.08203125,0.10565185546875,0.133056640625,0.001171112060546875,32766,32766,32766,2775,32766,314.0,0.00032782554626464844,LEFT,DEVANT,LEFT
182,FSM.CROSS,1.6123046875,0.401123046875,0.31396484375,-3.283203125,0.0810546875,0.10333251953125,-0.0019073486328125,32766,32766,32766,2775,32766,314.0,-0.0206451416015625,LEFT,DEVANT,LEFT
183,FSM.CROSS,1.623046875,0.406005859375,0.31494140625,-1.15625,0.08563232421875,0.09326171875,0.005664825439453125,32766,32766,32766,2761,32766,317.0,0.0114593505859375,LEFT,DEVANT,LEFT
184,FSM.CROSS,1.62890625,0.41162109375,0.31640625,0.069580078125,0.110107421875,0.1165771484375,0.00853729248046875,32766,32766,32766,2794,32766,317.0,0.0006670951843261719,RIGHT,DEVANT,LEFT
185,FSM.CROSS,1.6376953125,0.416259765625,0.316650390625,1.4521484375,0.141845703125,0.138427734375,0.0061798095703125,32766,32766,2507,2794,32766,317.0,-0.004566192626953125,RIGHT,DEVANT,LEFT
186,FSM.CROSS,1.646484375,0.423828125,0.3154296875,2.861328125,0.1671142578125,0.1680908203125,-0.0132598876953125,32766,32766,2507,2799,32766,313.0,-0.0093231201171875,RIGHT,DEVANT,LEFT
187,FSM.CROSS,1.6591796875,0.4306640625,0.313232421875,4.23828125,0.2012939453125,0.1934814453125,-0.016021728515625,1617,32766,32766,2799,32766,313.0,-0.00038743019104003906,RIGHT,DEVANT,LEFT
188,FSM.CROSS,1.6669921875,0.43603515625,0.31201171875,5.49609375,0.209716796875,0.2064208984375,-0.017364501953125,1617,32766,32766,2823,32766,312.0,-0.001987457275390625,RIGHT,DEVANT,LEFT
189,FSM.CROSS,1.677734375,0.447998046875,0.311279296875,6.52734375,0.213134765625,0.2257080078125,-0.01708984375,1593,32766,32766,2823,32766,312.0,0.011199951171875,RIGHT,DEVANT,LEFT
190,FSM.CROSS,1.6962890625,0.472412109375,0.309326171875,8.0,0.198974609375,0.2442626953125,-0.0136260986328125,1580,32766,32766,2836,32766,309.0,0.01021575927734375,RIGHT,DEVANT,LEFT
191,FSM.CROSS,1.7021484375,0.4853515625,0.30859375,8.3984375,0.1878662109375,0.2423095703125,-0.00952911376953125,1580,32766,32766,2858,32766,305.0,0.00966644287109375,RIGHT,DEVANT,LEFT
192,FSM.CROSS,1.7119140625,0.495849609375,0.30615234375,8.5234375,0.1689453125,0.228515625,-0.0125274658203125,1554,32766,32766,2858,32766,305.0,0.00385284423828125,RIGHT,DEVANT,LEFT
193,FSM.CROSS,1.7177734375,0.50830078125,0.30908203125,8.40625,0.149658203125,0.2215576171875,0.0070343017578125,1554,32766,32766,32766,32766,318.0,0.00496673583984375,RIGHT,DEVANT,LEFT
194,FSM.CROSS,1.72265625,0.5185546875,0.31396484375,8.0234375,0.1260986328125,0.1981201171875,0.02545166015625,1538,32766,32766,32766,32766,318.0,-0.0130767822265625,RIGHT,DEVANT,LEFT
195,FSM.CROSS,1.7314453125,0.52880859375,0.31689453125,7.55859375,0.12188720703125,0.181396484375,0.0138397216796875,1538,32766,32766,32766,32766,311.0,-0.01280975341796875,RIGHT,DEVANT,LEFT
196,FSM.CROSS,1.73828125,0.537109375,0.31494140625,6.828125,0.1224365234375,0.1759033203125,0.01126861572265625,1514,32766,32766,32766,32766,311.0,-0.0055999755859375,RIGHT,DEVANT,LEFT
197,FSM.CROSS,1.744140625,0.54833984375,0.31640625,5.765625,0.1429443359375,0.195556640625,0.015289306640625,1514,32766,32766,32766,32766,319.0,0.006328582763671875,RIGHT,DEVANT,LEFT
198,FSM.CROSS,1.7626953125,0.56884765625,0.31689453125,3.29296875,0.2012939453125,0.233642578125,0.00588226318359375,1503,32766,32766,32766,32766,308.0,-0.00710296630859375,RIGHT,DEVANT,LEFT
199,FSM.CROSS,1.76953125,0.58056640625,0.312255859375,1.9736328125,0.2196044921875,0.25341796875,-0.0140838623046875,1476,796,32766,32766,32766,308.0,-0.004253387451171875,RIGHT,DEVANT,LEFT
200,FSM.CROSS,1.7890625,0.60693359375,0.3095703125,0.5166015625,0.242919921875,0.276123046875,-0.0023555755615234375,1451,791,32766,32766,32766,312.0,0.0226593017578125,RIGHT,DEVANT,LEFT
201,FSM.SEARCH,1.8486328125,0.66650390625,0.302490234375,-4.0625,0.204833984375,0.1868896484375,0.0092315673828125,1388,821,32766,32766,32766,308.0,0.01329803466796875,LEFT,DEVANT,LEFT
202,FSM.SEARCH,1.85546875,0.67626953125,0.30517578125,-4.20703125,0.18115234375,0.1646728515625,0.01611328125,1367,846,32766,32766,32766,308.0,0.003498077392578125,LEFT,DEVANT,LEFT
203,FSM.SEARCH,1.87890625,0.6904296875,0.310791015625,-2.537109375,0.1578369140625,0.11328125,0.0224761962890625,1340,867,32766,32766,32766,311.0,-0.024078369140625,LEFT,DEVANT,LEFT
204,FSM.SEARCH,1.892578125,0.6962890625,0.314208984375,-1.189453125,0.1629638671875,0.10302734375,0.027496337890625,1340,867,32766,634,32766,316.0,-0.002162933349609375,LEFT,DEVANT,LEFT
205,FSM.SEARCH,1.8994140625,0.70166015625,0.315673828125,0.174560546875,0.17041015625,0.1148681640625,0.027191162109375,1327,891,32766,634,245,316.0,-0.0033626556396484375,RIGHT,DEVANT,LEFT
206,FSM.SEARCH,1.919921875,0.71533203125,0.3193359375,3.060546875,0.21630859375,0.1627197265625,0.014923095703125,1308,916,32766,631,128,319.0,-0.01611328125,RIGHT,DEVANT,LEFT
207,FSM.SEARCH,1.935546875,0.7255859375,0.32080078125,4.3828125,0.2451171875,0.191650390625,0.0034847259521484375,1308,916,32766,648,128,319.0,-0.0219573974609375,RIGHT,DEVANT,LEFT
208,FSM.SEARCH,1.9482421875,0.73388671875,0.31982421875,5.546875,0.261474609375,0.214111328125,-0.00428009033203125,1301,942,32766,648,107,319.0,-0.01097869873046875,RIGHT,DEVANT,LEFT
209,FSM.SEARCH,1.9677734375,0.7568359375,0.318603515625,7.88671875,0.262939453125,0.25244140625,-0.0092315673828125,1277,968,32766,667,114,321.0,0.00928497314453125,RIGHT,DEVANT,LEFT
210,FSM.SEARCH,1.9853515625,0.76953125,0.318359375,9.203125,0.27001953125,0.2626953125,-0.004669189453125,1277,968,32766,718,114,316.0,0.00679779052734375,RIGHT,DEVANT,LEFT
211,FSM.SEARCH,1.994140625,0.78125,0.31689453125,10.109375,0.255615234375,0.26171875,-0.00417327880859375,1279,1002,32766,718,118,316.0,0.0200347900390625,RIGHT,DEVANT,LEFT
212,FSM.SEARCH,2.015625,0.80078125,0.311767578125,11.203125,0.2164306640625,0.2425537109375,-0.01363372802734375,32766,1026,32766,832,124,311.0,0.00567626953125,RIGHT,DEVANT,LEFT
213,FSM.SEARCH,2.025390625,0.8115234375,0.312255859375,11.2734375,0.1947021484375,0.2291259765625,-0.00739288330078125,32766,1026,32766,1964,124,314.0,-0.0021228790283203125,RIGHT,DEVANT,LEFT
214,FSM.SEARCH,2.037109375,0.82470703125,0.312255859375,11.09375,0.1624755859375,0.205322265625,-0.003704071044921875,32766,1062,32766,1964,164,314.0,0.0010251998901367188,RIGHT,DEVANT,LEFT
215,FSM.SEARCH,2.048828125,0.84375,0.310546875,9.8046875,0.1214599609375,0.177490234375,-0.0072784423828125,32766,1077,32766,32766,32766,309.0,-0.000843048095703125,RIGHT,DEVANT,LEFT
216,FSM.SEARCH,2.056640625,0.85302734375,0.312255859375,8.75,0.1329345703125,0.1942138671875,-0.0031185150146484375,32766,1077,32766,2235,32766,311.0,0.000514984130859375,RIGHT,DEVANT,LEFT
217,FSM.SEARCH,2.06640625,0.865234375,0.3115234375,7.3515625,0.16064453125,0.20654296875,-0.0033111572265625,32766,1091,32766,2235,32766,311.0,-0.0011510848999023438,RIGHT,DEVANT,LEFT
218,FSM.SEARCH,2.083984375,0.88720703125,0.312744140625,5.08984375,0.1995849609375,0.234375,-0.00353240966796875,32766,1111,32766,32766,32766,315.0,-0.013031005859375,RIGHT,DEVANT,LEFT
219,FSM.SEARCH,2.09375,0.89990234375,0.31396484375,4.11328125,0.2191162109375,0.2437744140625,-0.0029773712158203125,32766,1111,32766,32766,32766,311.0,-0.003173828125,RIGHT,DEVANT,LEFT
220,FSM.SEARCH,2.115234375,0.92041015625,0.307373046875,3.01171875,0.23193359375,0.23291015625,-0.039215087890625,32766,1133,32766,32766,32766,303.0,0.00267791748046875,RIGHT,DEVANT,LEFT
221,FSM.SEARCH,2.154296875,0.9619140625,0.29931640625,0.035736083984375,0.0657958984375,0.06787109375,-0.0187835693359375,32766,32766,32766,32766,32766,312.0,-0.00870513916015625,RIGHT,DEVANT,LEFT
222,FSM.SEARCH,2.158203125,0.966796875,0.2998046875,-0.90087890625,-0.049713134765625,-0.053680419921875,-0.0207977294921875,32766,32766,32766,32766,32766,306.0,-0.005657196044921875,LEFT,DEVANT,LEFT
223,FSM.SEARCH,2.154296875,0.96533203125,0.299560546875,-1.2734375,-0.1080322265625,-0.1092529296875,-0.0189056396484375,32766,32766,32766,32766,191,306.0,-0.0017242431640625,LEFT,DEVANT,LEFT
224,FSM.SEARCH,2.1484375,0.96142578125,0.298095703125,-1.669921875,-0.1495361328125,-0.1549072265625,-0.02593994140625,32766,32766,32766,32766,191,297.0,0.006282806396484375,LEFT,DEVANT,LEFT
225,FSM.SEARCH,2.150390625,0.95849609375,0.2958984375,-2.11328125,-0.1767578125,-0.1876220703125,-0.01806640625,32766,32766,32766,32766,144,297.0,0.0160675048828125,LEFT,DEVANT,LEFT
226,FSM.SEARCH,2.142578125,0.94775390625,0.29150390625,-2.8671875,-0.1881103515625,-0.2138671875,-0.0149383544921875,32766,32766,32766,32766,144,296.0,0.023101806640625,LEFT,DEVANT,LEFT
227,FSM.SEARCH,2.13671875,0.93896484375,0.292724609375,-3.40234375,-0.19482421875,-0.22607421875,-0.0005502700805664062,1099,32766,32766,32766,121,296.0,0.031768798828125,LEFT,DEVANT,LEFT
228,FSM.SEARCH,2.1171875,0.9228515625,0.2919921875,-4.73046875,-0.205810546875,-0.2174072265625,0.0237274169921875,1104,32766,32766,32766,116,292.0,0.0258026123046875,LEFT,DEVANT,LEFT
229,FSM.SEARCH,2.11328125,0.9169921875,0.294189453125,-5.40234375,-0.1944580078125,-0.2066650390625,0.051666259765625,1104,32766,32766,32766,116,300.0,0.0007452964782714844,LEFT,DEVANT,LEFT
230,FSM.SEARCH,2.103515625,0.904296875,0.299560546875,-6.4921875,-0.18701171875,-0.1954345703125,0.058135986328125,1107,32766,32766,32766,112,300.0,0.0101470947265625,LEFT,DEVANT,LEFT
231,FSM.SEARCH,2.091796875,0.89013671875,0.307373046875,-8.03125,-0.1458740234375,-0.158447265625,0.06597900390625,1117,32766,32766,32766,120,306.0,-0.0029239654541015625,LEFT,DEVANT,LEFT
232,FSM.SEARCH,2.08984375,0.88623046875,0.30908203125,-8.3046875,-0.12091064453125,-0.1417236328125,0.056793212890625,1117,32766,32766,926,120,311.0,-0.0234527587890625,LEFT,DEVANT,LEFT
233,FSM.SEARCH,2.0859375,0.88232421875,0.31201171875,-8.3828125,-0.08837890625,-0.11212158203125,0.0452880859375,1124,32766,32766,926,102,311.0,-0.017913818359375,LEFT,DEVANT,LEFT
234,FSM.SEARCH,2.083984375,0.87939453125,0.315673828125,-8.359375,-0.0328369140625,-0.062408447265625,0.04180908203125,1124,32766,32766,902,102,323.0,-0.0112152099609375,LEFT,DEVANT,LEFT
235,FSM.SEARCH,2.087890625,0.88134765625,0.3193359375,-7.47265625,0.084716796875,0.047607421875,0.006702423095703125,1133,32766,32766,967,115,320.0,-0.041107177734375,LEFT,DEVANT,LEFT
236,FSM.SEARCH,2.09765625,0.8876953125,0.3193359375,-7.04296875,0.14208984375,0.1031494140625,-0.0108795166015625,1130,32766,32766,967,120,320.0,-0.009521484375,LEFT,DEVANT,LEFT
237,FSM.SEARCH,2.103515625,0.89404296875,0.317138671875,-6.33203125,0.1798095703125,0.152587890625,-0.0260162353515625,1130,32766,32766,970,120,316.0,-0.01029205322265625,LEFT,DEVANT,LEFT
238,FSM.SEARCH,2.11328125,0.90380859375,0.314208984375,-5.36328125,0.2039794921875,0.19677734375,-0.036041259765625,1121,32766,32766,970,164,316.0,-0.00537109375,LEFT,DEVANT,LEFT
239,FSM.SEARCH,2.134765625,0.927734375,0.306396484375,-3.171875,0.2222900390625,0.245849609375,-0.043212890625,1108,32766,32766,977,195,307.0,0.027313232421875,LEFT,DEVANT,LEFT
240,FSM.SEARCH,2.1484375,0.9482421875,0.299560546875,-1.806640625,0.18359375,0.242919921875,-0.029144287109375,1099,32766,32766,32766,32766,299.0,0.0159149169921875,LEFT,DEVANT,LEFT
241,FSM.SEARCH,2.173828125,0.9931640625,0.30126953125,0.475341796875,0.08575439453125,0.161865234375,0.012481689453125,32766,32766,32766,2183,171,299.0,0.0024547576904296875,RIGHT,DEVANT,LEFT
242,FSM.SEARCH,2.177734375,1.0,0.302490234375,1.0029296875,0.0758056640625,0.134033203125,0.021942138671875,32766,32766,32766,32766,171,305.0,-0.0014324188232421875,RIGHT,DEVANT,LEFT
243,FSM.SEARCH,2.18359375,1.0078125,0.304443359375,1.8125,0.08258056640625,0.11041259765625,0.023162841796875,32766,32766,32766,32766,141,305.0,-0.00826263427734375,RIGHT,DEVANT,LEFT
244,FSM.SEARCH,2.19140625,1.015625,0.307861328125,3.58984375,0.1395263671875,0.05560302734375,0.0206146240234375,32766,32766,32766,32766,113,309.0,-0.0050048828125,RIGHT,DEVANT,LEFT
245,FSM.SEARCH,2.19921875,1.0185546875,0.307861328125,4.52734375,0.1749267578125,0.0352783203125,0.0213623046875,32766,32766,32766,32766,113,314.0,-0.0220794677734375,RIGHT,DEVANT,LEFT
246,FSM.SEARCH,2.205078125,1.0224609375,0.310791015625,5.55859375,0.203125,0.01983642578125,0.01488494873046875,32766,32766,32766,32766,119,314.0,-0.0126800537109375,RIGHT,DEVANT,LEFT
247,FSM.SEARCH,2.224609375,1.0224609375,0.31005859375,7.59765625,0.2496337890625,-0.01361846923828125,-0.0048370361328125,32766,32766,32766,32766,115,311.0,-0.0163116455078125,RIGHT,DEVANT,LEFT
248,FSM.SEARCH,2.240234375,1.0224609375,0.3095703125,8.4140625,0.271484375,-0.021331787109375,-0.020111083984375,32766,32766,32766,32766,115,307.0,-0.0251312255859375,RIGHT,DEVANT,LEFT
249,FSM.SEARCH,2.25,1.021484375,0.307373046875,9.046875,0.273193359375,-0.03240966796875,-0.0278167724609375,32766,32766,32766,32766,123,307.0,-0.00173187255859375,RIGHT,DEVANT,LEFT
250,FSM.SEARCH,2.275390625,1.0185546875,0.30517578125,9.9140625,0.261962890625,-0.03656005859375,-0.0318603515625,32766,1351,32766,32766,141,306.0,-0.005847930908203125,RIGHT,DEVANT,LEFT
251,FSM.SEARCH,2.28515625,1.0185546875,0.302490234375,10.21875,0.2435302734375,-0.03546142578125,-0.0361328125,32766,1351,32766,32766,141,303.0,-0.001964569091796875,RIGHT,DEVANT,LEFT
252,FSM.SEARCH,2.296875,1.0166015625,0.301025390625,10.4765625,0.2283935546875,-0.033111572265625,-0.034088134765625,32766,1386,32766,32766,143,303.0,0.0160980224609375,RIGHT,DEVANT,LEFT
253,FSM.SEARCH,2.31640625,1.015625,0.2958984375,10.5703125,0.17626953125,-0.0302734375,-0.037506103515625,32766,1398,32766,32766,153,298.0,0.011474609375,RIGHT,DEVANT,LEFT
254,FSM.SEARCH,2.326171875,1.0146484375,0.29296875,10.5078125,0.1591796875,-0.028289794921875,-0.035614013671875,32766,1398,32766,32766,153,291.0,0.023468017578125,RIGHT,DEVANT,LEFT
255,FSM.SEARCH,2.328125,1.01171875,0.29052734375,10.2578125,0.151123046875,-0.0308074951171875,-0.0276947021484375,32766,1418,32766,32766,162,291.0,0.0184326171875,RIGHT,DEVANT,LEFT
256,FSM.SEARCH,2.337890625,1.0107421875,0.290771484375,9.8828125,0.1737060546875,-0.026641845703125,-0.01392364501953125,32766,1418,32766,32766,162,291.0,0.0200958251953125,RIGHT,DEVANT,LEFT
257,FSM.SEARCH,2.34765625,1.0087890625,0.2900390625,9.3125,0.202392578125,-0.0274505615234375,-0.00970458984375,32766,1429,32766,32766,162,291.0,0.00908660888671875,RIGHT,DEVANT,LEFT
258,FSM.SEARCH,2.373046875,1.0068359375,0.288818359375,7.7734375,0.26123046875,-0.03070068359375,-0.005947113037109375,32766,1446,32766,32766,162,290.0,0.01511383056640625,RIGHT,DEVANT,LEFT
259,FSM.SEARCH,2.3828125,1.0048828125,0.287109375,6.8515625,0.271484375,-0.034454345703125,-0.006591796875,32766,1446,32766,32766,162,288.0,0.0172882080078125,RIGHT,DEVANT,LEFT
260,FSM.SEARCH,2.41796875,0.99853515625,0.28564453125,3.814453125,0.262939453125,-0.0276031494140625,0.0018243789672851562,32766,1510,32766,32766,153,284.0,0.0010986328125,RIGHT,DEVANT,LEFT
261,FSM.SEARCH,2.46875,0.99658203125,0.288818359375,-0.0233917236328125,0.1651611328125,-0.01336669921875,0.0144195556640625,32766,32766,32766,32766,156,289.0,-0.00626373291015625,LEFT,DEVANT,LEFT
262,FSM.SEARCH,2.478515625,0.994140625,0.28955078125,-0.93798828125,0.15234375,-0.0150909423828125,0.01421356201171875,32766,32766,32766,32766,165,289.0,0.012725830078125,LEFT,DEVANT,LEFT
263,FSM.SEARCH,2.486328125,0.99755859375,0.28955078125,-1.9853515625,0.1588134765625,-0.004756927490234375,0.01837158203125,32766,32766,32766,32766,165,292.0,-0.00044608116149902344,LEFT,DEVANT,LEFT
264,FSM.SEARCH,2.4921875,0.99560546875,0.291259765625,-3.1328125,0.17578125,-0.0085296630859375,0.019744873046875,32766,32766,32766,32766,163,292.0,0.0104522705078125,LEFT,DEVANT,LEFT
265,FSM.SEARCH,2.49609375,0.99267578125,0.289794921875,-4.37109375,0.18994140625,-0.010284423828125,0.006999969482421875,32766,32766,32766,32766,163,288.0,-0.0030879974365234375,LEFT,DEVANT,LEFT
266,FSM.SEARCH,2.521484375,0.99365234375,0.28955078125,-6.84765625,0.25537109375,-0.0022983551025390625,0.00815582275390625,32766,32766,32766,2711,161,289.0,0.004604339599609375,LEFT,DEVANT,LEFT
267,FSM.SEARCH,2.533203125,0.9931640625,0.2900390625,-7.8671875,0.275634765625,-0.0028362274169921875,0.0135498046875,32766,32766,32766,2711,158,289.0,0.01540374755859375,LEFT,DEVANT,LEFT
268,FSM.SEARCH,2.544921875,0.9921875,0.289306640625,-8.8203125,0.283935546875,-0.0015802383422851562,0.0182342529296875,32766,32766,32766,32766,158,290.0,0.0224151611328125,LEFT,DEVANT,LEFT
269,FSM.SEARCH,2.556640625,0.99072265625,0.29052734375,-9.578125,0.28271484375,-0.004627227783203125,0.02349853515625,32766,32766,32766,32766,151,290.0,0.013946533203125,LEFT,DEVANT,LEFT
270,FSM.SEARCH,2.58203125,0.99169921875,0.2958984375,-10.0625,0.271484375,-0.0034923553466796875,0.04168701171875,675,504,32766,32766,144,294.0,0.0013227462768554688,LEFT,DEVANT,LEFT
271,FSM.SEARCH,2.59765625,0.99169921875,0.297119140625,-9.703125,0.2607421875,-0.00127410888671875,0.041473388671875,675,504,32766,32766,144,299.0,-0.00792694091796875,LEFT,DEVANT,LEFT
272,FSM.SEARCH,2.619140625,0.9931640625,0.2998046875,-8.0390625,0.208740234375,0.0063629150390625,0.0261383056640625,652,515,32766,32766,140,299.0,0.001438140869140625,LEFT,DEVANT,LEFT
273,FSM.SEARCH,2.630859375,0.99560546875,0.30029296875,-7.16015625,0.1915283203125,0.01242828369140625,0.0214080810546875,654,516,32766,32766,133,299.0,-0.0004127025604248047,LEFT,DEVANT,LEFT
274,FSM.SEARCH,2.638671875,0.99755859375,0.300537109375,-6.39453125,0.1875,0.018035888671875,0.01873779296875,654,516,32766,32766,133,299.0,0.002880096435546875,LEFT,DEVANT,LEFT
275,FSM.SEARCH,2.6484375,0.99658203125,0.30078125,-5.6328125,0.196533203125,0.01910400390625,0.016693115234375,32766,524,32766,32766,128,299.0,0.01450347900390625,LEFT,DEVANT,LEFT
276,FSM.SEARCH,2.662109375,1.0029296875,0.300537109375,-4.60546875,0.2266845703125,0.03411865234375,0.0173797607421875,32766,524,32766,32766,128,294.0,0.0149383544921875,LEFT,DEVANT,LEFT
277,FSM.SEARCH,2.671875,1.00390625,0.29833984375,-3.46484375,0.2349853515625,0.033111572265625,0.00730133056640625,32766,534,32766,32766,121,294.0,-0.01309967041015625,LEFT,DEVANT,LEFT
278,FSM.SEARCH,2.6953125,1.0078125,0.30078125,-1.3134765625,0.25732421875,0.0281219482421875,0.0165557861328125,32766,547,32766,2219,119,301.0,-0.000789642333984375,LEFT,DEVANT,LEFT
279,FSM.SEARCH,2.70703125,1.0087890625,0.30126953125,-0.37939453125,0.25146484375,0.022247314453125,0.0149383544921875,32766,547,32766,32766,119,303.0,-0.0113067626953125,LEFT,DEVANT,LEFT
280,FSM.SEARCH,2.732421875,1.009765625,0.30322265625,1.251953125,0.2398681640625,0.007602691650390625,0.016998291015625,32766,565,32766,32766,117,303.0,-0.0016012191772460938,RIGHT,DEVANT,LEFT
281,FSM.SEARCH,2.783203125,1.01171875,0.3076171875,2.923828125,0.184814453125,0.0014600753784179688,0.01329803466796875,32766,32766,32766,32766,108,307.0,-0.01995849609375,RIGHT,DEVANT,LEFT
282,FSM.SEARCH,2.79296875,1.01171875,0.307861328125,2.97265625,0.1641845703125,0.0012445449829101562,0.00846099853515625,32766,32766,32766,32766,110,307.0,-0.007160186767578125,RIGHT,DEVANT,LEFT
283,FSM.SEARCH,2.80078125,1.0146484375,0.30859375,3.0234375,0.15576171875,0.006134033203125,0.01494598388671875,32766,32766,32766,32766,110,313.0,-0.01285552978515625,RIGHT,DEVANT,LEFT
284,FSM.SEARCH,2.818359375,1.017578125,0.30908203125,3.21875,0.1962890625,0.0022830963134765625,-0.0028896331787109375,32766,32766,32766,32766,105,310.0,-0.01067352294921875,RIGHT,DEVANT,LEFT
285,FSM.SEARCH,2.830078125,1.0166015625,0.30908203125,3.173828125,0.218017578125,-0.00833892822265625,-0.0092926025390625,32766,32766,32766,32766,109,310.0,-0.0198974609375,RIGHT,DEVANT,LEFT
286,FSM.SEARCH,2.84375,1.015625,0.30810546875,3.2265625,0.242919921875,-0.0200653076171875,-0.0222015380859375,32766,32766,32766,32766,109,309.0,-0.0287628173828125,RIGHT,DEVANT,LEFT
287,FSM.SEARCH,2.857421875,1.0146484375,0.306884765625,3.560546875,0.26171875,-0.03338623046875,-0.0335693359375,32766,32766,32766,32766,105,309.0,-0.01171875,RIGHT,DEVANT,LEFT
288,FSM.SEARCH,2.87109375,1.01171875,0.307861328125,4.296875,0.269287109375,-0.044586181640625,-0.0261077880859375,32766,32766,32766,1589,105,308.0,-0.003368377685546875,RIGHT,DEVANT,LEFT
289,FSM.SEARCH,2.8828125,1.01171875,0.306640625,5.34375,0.265625,-0.046356201171875,-0.027984619140625,32766,32766,32766,1589,100,308.0,0.00885772705078125,RIGHT,DEVANT,LEFT
290,FSM.SEARCH,2.8984375,1.0107421875,0.304443359375,6.5703125,0.25927734375,-0.04833984375,-0.026824951171875,32766,32766,32766,1523,100,306.0,0.01117706298828125,RIGHT,DEVANT,LEFT
291,FSM.SEARCH,2.923828125,1.005859375,0.3017578125,8.984375,0.224365234375,-0.04644775390625,-0.025238037109375,32766,2015,32766,1482,104,302.0,0.0156707763671875,RIGHT,DEVANT,LEFT
292,FSM.SEARCH,2.9375,1.0048828125,0.300537109375,10.1875,0.21240234375,-0.038421630859375,-0.019378662109375,32766,2074,32766,1482,101,302.0,0.01373291015625,RIGHT,DEVANT,LEFT
293,FSM.SEARCH,2.947265625,1.005859375,0.29833984375,11.2890625,0.20654296875,-0.03521728515625,-0.0177459716796875,32766,2074,32766,1471,101,299.0,0.006496429443359375,RIGHT,DEVANT,LEFT
294,FSM.SEARCH,2.970703125,1.005859375,0.297119140625,13.0390625,0.2249755859375,-0.017730712890625,-0.0214996337890625,32766,32766,32766,32766,95,296.0,-0.017242431640625,RIGHT,DEVANT,LEFT
295,FSM.LANDING,2.82421875,1.1708984375,0.0171051025390625,18.140625,-0.43212890625,0.155029296875,0.138916015625,32766,269,32766,0,22,5.0,0.57080078125,RIGHT,DEVANT,LEFT
296,FSM.STOP,2.82421875,1.1708984375,0.0171051025390625,18.140625,-0.43212890625,0.155029296875,0.138916015625,32766,269,32766,0,22,5.0,0.57080078125,RIGHT,DEVANT,LEFT
